{
"Profiles": [
{
  "Use Non-ASCII Font" : false,
  "Tags" : [

  ],
  "Ansi 12 Color" : {
    "Green Component" : 0.46274510025978088,
    "Red Component" : 0.12941177189350128,
    "Blue Component" : 0.78039216995239258
  },
  "Ansi 7 Color" : {
    "Green Component" : 0.97254902124404907,
    "Red Component" : 0.97254902124404907,
    "Blue Component" : 0.94901961088180542
  },
  "Ansi 8 Color" : {
    "Green Component" : 0.11372549086809158,
    "Red Component" : 0.10588235408067703,
    "Blue Component" : 0.11764705926179886
  },
  "Bold Color" : {
    "Green Component" : 0.96691048145294189,
    "Red Component" : 0.96580147743225098,
    "Blue Component" : 0.93319034576416016
  },
  "Ansi 9 Color" : {
    "Green Component" : 0.14901961386203766,
    "Red Component" : 0.97647058963775635,
    "Blue Component" : 0.44705882668495178
  },
  "Ansi 6 Color" : {
    "Green Component" : 0.85098040103912354,
    "Red Component" : 0.40000000596046448,
    "Blue Component" : 0.93725490570068359
  },
  "Right Option Key Sends" : 0,
  "Rows" : 25,
  "Default Bookmark" : "No",
  "Cursor Guide Color" : {
    "Red Component" : 0.70213186740875244,
    "Color Space" : "sRGB",
    "Blue Component" : 1,
    "Alpha Component" : 0.25,
    "Green Component" : 0.9268307089805603
  },
  "Non-ASCII Anti Aliased" : true,
  "Use Bright Bold" : true,
  "Ansi 10 Color" : {
    "Green Component" : 0.88627451658248901,
    "Red Component" : 0.65098041296005249,
    "Blue Component" : 0.18039216101169586
  },
  "Use Cursor Guide" : false,
  "Ambiguous Double Width" : false,
  "Jobs to Ignore" : [
    "rlogin",
    "ssh",
    "slogin",
    "telnet"
  ],
  "Ansi 15 Color" : {
    "Green Component" : 1,
    "Red Component" : 1,
    "Blue Component" : 1
  },
  "Foreground Color" : {
    "Red Component" : 0.97254901960784312,
    "Color Space" : "sRGB",
    "Blue Component" : 0.94901960784313721,
    "Alpha Component" : 1,
    "Green Component" : 0.97254901960784312
  },
  "Bound Hosts" : [

  ],
  "Working Directory" : "\/Users\/yanyg",
  "Blinking Cursor" : false,
  "Disable Window Resizing" : true,
  "Sync Title" : false,
  "Prompt Before Closing 2" : false,
  "BM Growl" : true,
  "Command" : "",
  "Description" : "Default",
  "Smart Cursor Color" : false,
  "Mouse Reporting" : true,
  "Screen" : -1,
  "Selection Color" : {
    "Red Component" : 0.49803921568627452,
    "Color Space" : "sRGB",
    "Blue Component" : 0.49803921568627452,
    "Alpha Component" : 1,
    "Green Component" : 0.49803921568627452
  },
  "Columns" : 80,
  "Idle Code" : 0,
  "Ansi 13 Color" : {
    "Green Component" : 0.5058823823928833,
    "Red Component" : 0.68235296010971069,
    "Blue Component" : 1
  },
  "Custom Command" : "No",
  "ASCII Anti Aliased" : true,
  "Non Ascii Font" : "Monaco 12",
  "Vertical Spacing" : 1,
  "Use Bold Font" : true,
  "Option Key Sends" : 2,
  "Selected Text Color" : {
    "Green Component" : 0.96691048145294189,
    "Red Component" : 0.96580147743225098,
    "Blue Component" : 0.93319034576416016
  },
  "Background Color" : {
    "Red Component" : 0.24705882352941178,
    "Color Space" : "sRGB",
    "Blue Component" : 0.24705882352941178,
    "Alpha Component" : 1,
    "Green Component" : 0.24705882352941178
  },
  "Character Encoding" : 4,
  "Ansi 11 Color" : {
    "Green Component" : 0.85882353782653809,
    "Red Component" : 0.90196079015731812,
    "Blue Component" : 0.45490196347236633
  },
  "Use Italic Font" : true,
  "Unlimited Scrollback" : false,
  "Keyboard Map" : {
    "0xf706-0x20000" : {
      "Text" : "[1;2R",
      "Action" : 10
    },
    "0xf707-0x20000" : {
      "Text" : "[1;2S",
      "Action" : 10
    },
    "0xf70d-0x20000" : {
      "Text" : "[21;2~",
      "Action" : 10
    },
    "0xf70e-0x20000" : {
      "Text" : "[23;2~",
      "Action" : 10
    },
    "0xf70a-0x20000" : {
      "Text" : "[18;2~",
      "Action" : 10
    },
    "0xf70f-0x20000" : {
      "Text" : "[24;2~",
      "Action" : 10
    },
    "0x2d-0x40000" : {
      "Text" : "0x1f",
      "Action" : 11
    },
    "0xf702-0x220000" : {
      "Text" : "[1;2D",
      "Action" : 10
    },
    "0xf703-0x240000" : {
      "Text" : "[1;5C",
      "Action" : 10
    },
    "0xf703-0x260000" : {
      "Text" : "[1;6C",
      "Action" : 10
    },
    "0xf72b-0x20000" : {
      "Text" : "[1;2F",
      "Action" : 10
    },
    "0xf703-0x220000" : {
      "Text" : "[1;2C",
      "Action" : 10
    },
    "0xf700-0x260000" : {
      "Text" : "[1;6A",
      "Action" : 10
    },
    "0xf72b-0x40000" : {
      "Text" : "[1;5F",
      "Action" : 10
    },
    "0xf700-0x240000" : {
      "Text" : "[1;5A",
      "Action" : 10
    },
    "0xf701-0x260000" : {
      "Text" : "[1;6B",
      "Action" : 10
    },
    "0xf700-0x220000" : {
      "Text" : "[1;2A",
      "Action" : 10
    },
    "0xf701-0x240000" : {
      "Text" : "[1;5B",
      "Action" : 10
    },
    "0xf702-0x260000" : {
      "Text" : "[1;6D",
      "Action" : 10
    },
    "0xf708-0x20000" : {
      "Text" : "[15;2~",
      "Action" : 10
    },
    "0xf701-0x220000" : {
      "Text" : "[1;2B",
      "Action" : 10
    },
    "0xf709-0x20000" : {
      "Text" : "[17;2~",
      "Action" : 10
    },
    "0xf705-0x20000" : {
      "Text" : "[1;2Q",
      "Action" : 10
    },
    "0xf70b-0x20000" : {
      "Text" : "[19;2~",
      "Action" : 10
    },
    "0xf70c-0x20000" : {
      "Text" : "[20;2~",
      "Action" : 10
    },
    "0xf729-0x20000" : {
      "Text" : "[1;2H",
      "Action" : 10
    },
    "0xf702-0x240000" : {
      "Text" : "[1;5D",
      "Action" : 10
    },
    "0xf704-0x20000" : {
      "Text" : "[1;2P",
      "Action" : 10
    },
    "0xf729-0x40000" : {
      "Text" : "[1;5H",
      "Action" : 10
    }
  },
  "Window Type" : 1,
  "Cursor Boost" : 0,
  "Background Image Location" : "",
  "Blur" : false,
  "Badge Color" : {
    "Red Component" : 1,
    "Color Space" : "sRGB",
    "Blue Component" : 0,
    "Alpha Component" : 0.5,
    "Green Component" : 0.1491314172744751
  },
  "Scrollback Lines" : 100000,
  "Send Code When Idle" : false,
  "Close Sessions On End" : true,
  "Terminal Type" : "xterm-256color",
  "Visual Bell" : true,
  "Flashing Bell" : false,
  "Silence Bell" : false,
  "Session Close Undo Timeout" : 60,
  "Ansi 14 Color" : {
    "Green Component" : 0.85098040103912354,
    "Red Component" : 0.40000000596046448,
    "Blue Component" : 0.93725490570068359
  },
  "ASCII Ligatures" : true,
  "Name" : "yyg",
  "Cursor Text Color" : {
    "Green Component" : 0.13333334028720856,
    "Red Component" : 0.13333334028720856,
    "Blue Component" : 0.13333334028720856
  },
  "Shortcut" : "",
  "Cursor Color" : {
    "Red Component" : 1,
    "Color Space" : "sRGB",
    "Blue Component" : 0,
    "Alpha Component" : 1,
    "Green Component" : 0.5490196078431373
  },
  "Transparency" : 0,
  "Guid" : "3DADD1F8-DF65-45DD-ABBF-613575BC6549",
  "Ansi 2 Color" : {
    "Green Component" : 0.88627451658248901,
    "Red Component" : 0.65098041296005249,
    "Blue Component" : 0.18039216101169586
  },
  "Custom Directory" : "No",
  "Ansi 4 Color" : {
    "Green Component" : 0.46265947818756104,
    "Red Component" : 0.12754884362220764,
    "Blue Component" : 0.78231418132781982
  },
  "Ansi 5 Color" : {
    "Green Component" : 0.5058823823928833,
    "Red Component" : 0.68235296010971069,
    "Blue Component" : 1
  },
  "Ansi 0 Color" : {
    "Red Component" : 0.15294117647058825,
    "Color Space" : "sRGB",
    "Blue Component" : 0.13333333333333333,
    "Alpha Component" : 1,
    "Green Component" : 0.15686274509803921
  },
  "Ansi 1 Color" : {
    "Green Component" : 0.14901961386203766,
    "Red Component" : 0.97647058963775635,
    "Blue Component" : 0.44705882668495178
  },
  "Normal Font" : "Menlo-Regular 18",
  "Horizontal Spacing" : 1,
  "Ansi 3 Color" : {
    "Green Component" : 0.85882353782653809,
    "Red Component" : 0.90196079015731812,
    "Blue Component" : 0.45490196347236633
  },